--DROP SCHEMA PUBLIC CASCADE
--
--DROP TABLE POSTCODE_SUBURB
--DROP TABLE POSTCODE
--DROP TABLE SUBURB

INSERT INTO SUBURB (ID, SUBURB_NAME, STATE) VALUES (1, 'BENTLEIGH', 'VIC')
INSERT INTO SUBURB (ID, SUBURB_NAME, STATE) VALUES (2, 'BENTLEIGH EAST', 'VIC')

INSERT INTO SUBURB (ID, SUBURB_NAME, STATE) VALUES (3, 'MELBOURNE', 'VIC')

INSERT INTO SUBURB (ID, SUBURB_NAME, STATE) VALUES (4, 'DARWIN', 'NT')

INSERT INTO SUBURB (ID, SUBURB_NAME, STATE) VALUES (5, 'HUME', 'NSW')
INSERT INTO SUBURB (ID, SUBURB_NAME, STATE) VALUES (6, 'KOWEN FOREST', 'NSW')
INSERT INTO SUBURB (ID, SUBURB_NAME, STATE) VALUES (7, 'OAKS ESTATE', 'NSW')
INSERT INTO SUBURB (ID, SUBURB_NAME, STATE) VALUES (8, 'THARWA', 'NSW')
INSERT INTO SUBURB (ID, SUBURB_NAME, STATE) VALUES (9, 'TOP NAAS', 'NSW')

INSERT INTO POSTCODE (ID, POSTCODE_VALUE, POSTCODE_TYPE) VALUES (1, '3204', 'STREET')
INSERT INTO POSTCODE (ID, POSTCODE_VALUE, POSTCODE_TYPE) VALUES (2, '3165', 'STREET')
--Melbourne Delivery Area and PO Box postcodes
INSERT INTO POSTCODE (ID, POSTCODE_VALUE, POSTCODE_TYPE) VALUES (3, '3000', 'STREET')
INSERT INTO POSTCODE (ID, POSTCODE_VALUE, POSTCODE_TYPE) VALUES (4, '3001', 'BOX')
--Darwin Delivery Area and PO Box postcodes
INSERT INTO POSTCODE (ID, POSTCODE_VALUE, POSTCODE_TYPE) VALUES (5, '0800', 'STREET')
INSERT INTO POSTCODE (ID, POSTCODE_VALUE, POSTCODE_TYPE) VALUES (6, '0801', 'BOX')
--2620 Postcode has multiple suburbs
INSERT INTO POSTCODE (ID, POSTCODE_VALUE, POSTCODE_TYPE) VALUES (7, '2620', 'STREET')

--INSERT INTO POSTCODE_SUBURB (POSTCODE_ID, SUBURB_ID) VALUES (1,1)
--INSERT INTO POSTCODE_SUBURB (POSTCODE_ID, SUBURB_ID) VALUES (2,2)
--INSERT INTO POSTCODE_SUBURB (POSTCODE_ID, SUBURB_ID) VALUES (3,3)
--INSERT INTO POSTCODE_SUBURB (POSTCODE_ID, SUBURB_ID) VALUES (4,3)
--INSERT INTO POSTCODE_SUBURB (POSTCODE_ID, SUBURB_ID) VALUES (5,4)
--INSERT INTO POSTCODE_SUBURB (POSTCODE_ID, SUBURB_ID) VALUES (6,4)
--INSERT INTO POSTCODE_SUBURB (POSTCODE_ID, SUBURB_ID) VALUES (7,5)
--INSERT INTO POSTCODE_SUBURB (POSTCODE_ID, SUBURB_ID) VALUES (7,6)
--INSERT INTO POSTCODE_SUBURB (POSTCODE_ID, SUBURB_ID) VALUES (7,7)
--INSERT INTO POSTCODE_SUBURB (POSTCODE_ID, SUBURB_ID) VALUES (7,8)
--INSERT INTO POSTCODE_SUBURB (POSTCODE_ID, SUBURB_ID) VALUES (7,9)

INSERT INTO SUBURB_POSTCODES (POSTCODES_ID, SUBURBS_ID) VALUES (1,1)
INSERT INTO SUBURB_POSTCODES (POSTCODES_ID, SUBURBS_ID) VALUES (2,2)
INSERT INTO SUBURB_POSTCODES (POSTCODES_ID, SUBURBS_ID) VALUES (3,3)
INSERT INTO SUBURB_POSTCODES (POSTCODES_ID, SUBURBS_ID) VALUES (4,3)
INSERT INTO SUBURB_POSTCODES (POSTCODES_ID, SUBURBS_ID) VALUES (5,4)
INSERT INTO SUBURB_POSTCODES (POSTCODES_ID, SUBURBS_ID) VALUES (6,4)
INSERT INTO SUBURB_POSTCODES (POSTCODES_ID, SUBURBS_ID) VALUES (7,5)
INSERT INTO SUBURB_POSTCODES (POSTCODES_ID, SUBURBS_ID) VALUES (7,6)
INSERT INTO SUBURB_POSTCODES (POSTCODES_ID, SUBURBS_ID) VALUES (7,7)
INSERT INTO SUBURB_POSTCODES (POSTCODES_ID, SUBURBS_ID) VALUES (7,8)
INSERT INTO SUBURB_POSTCODES (POSTCODES_ID, SUBURBS_ID) VALUES (7,9)